,spp_tree,phy_seqpath,nex_seqpath,nsnps,raxml_tree,chronos_correlated,chc_simple_error,chc_relative_error,chronos_relaxed,chr_simple error,chr_relative_error,mrbayes_tree,mb_simple_error,mb_relative_error
0,"((r9:800000,(r8:600000,(r7:400000,r6:400000)100:200000)100:200000)100:200000,((r5:600000,r4:600000)100:200000,(r3:600000,(r2:400000,(r1:200000,r0:200000)100:200000)100:200000)100:200000)100:200000);",/home/henrylandis/test_0.phy,/home/henrylandis/test_0.nex,1333,"((r9:0.00912963,(r8:0.00484948,(r7:0.00522208,r6:0.00392073)100:0.00259629)100:0.00168799)100:0.00200742,((r4:0.00647389,r5:0.00633109)100:0.00181693,(r3:0.00581832,(r2:0.00544854,(r0:0.00225586,r1:0.00250723)100:0.00197582)100:0.00206781)100:0.00149521)100:0.00200742);","((r9:50000,(r8:25000,(r7:12500,r6:12500)100:12500)100:25000)100:50000,((r4:37681.15674,r5:37681.15674)100:37681.15674,(r3:50724.62696,(r2:26086.94044,(r0:1449.253913,r1:1449.253913)100:24637.68652)100:24637.68652)100:24637.68652)100:24637.68652);",2365520318516.998,2365520318516.998,"((r9:50000,(r8:25000,(r7:12500,r6:12500)100:12500)100:25000)100:50000,((r4:37979.30159,r5:37979.30159)100:37979.30159,(r3:51917.20636,(r2:27875.80954,(r0:3834.412723,r1:3834.412723)100:24041.39682)100:24041.39682)100:24041.39682)100:24041.39682);",2360736559168.276,2360736559168.276,"
      /-r9
   /-|
  |  |   /-r8
  |   \-|
  |     |   /-r6
  |      \-|
--|         \-r7
  |
  |      /-r4
  |   /-|
  |  |   \-r5
   \-|
     |   /-r3
      \-|
        |   /-r2
         \-|
           |   /-r0
            \-|
               \-r1",2719980543798.313,2719980543798.313
