,spp_tree,phy_seqpath,nex_seqpath,nsnps,raxml_tree,chronos_correlated,chc_simple_error,chc_relative_error,chronos_relaxed,chr_simple error,chr_relative_error,mrbayes_tree,mb_simple_error,mb_relative_error
0,"((r9:800000,(r8:600000,(r7:400000,r6:400000)100:200000)100:200000)100:200000,((r5:600000,r4:600000)100:200000,(r3:600000,(r2:400000,(r1:200000,r0:200000)100:200000)100:200000)100:200000)100:200000);",/home/henrylandis/test_0.phy,/home/henrylandis/test_0.nex,1278,"((r9:0.00822326,(r8:0.00533079,(r7:0.00451265,r6:0.00324595)100:0.00223511)100:0.00204935)100:0.0025711,((r4:0.0060863,r5:0.00588349)100:0.00145948,(r3:0.00553367,(r2:0.00450799,(r0:0.00161727,r1:0.00229205)100:0.00195598)100:0.00247484)100:0.00251132)100:0.0025711);","((r9:50000,(r8:25000,(r7:12500,r6:12500)100:12500)100:25000)100:50000,((r4:37621.96958,r5:37621.96958)100:37621.96958,(r3:50487.87833,(r2:25731.8175,(r0:975.7566646,r1:975.7566646)100:24756.06083)100:24756.06083)100:24756.06083)100:24756.06083);",0,0,"((r9:50000,(r8:25000,(r7:12500,r6:12500)100:12500)100:25000)100:50000,((r4:37976.41505,r5:37976.41505)100:37976.41505,(r3:51905.66021,(r2:27858.49032,(r0:3811.320427,r1:3811.320427)100:24047.16989)100:24047.16989)100:24047.16989)100:24047.16989);",0,0,"
      /-r9
   /-|
  |  |   /-r8
  |   \-|
  |     |   /-r6
  |      \-|
--|         \-r7
  |
  |      /-r4
  |   /-|
  |  |   \-r5
   \-|
     |   /-r3
      \-|
        |   /-r2
         \-|
           |   /-r0
            \-|
               \-r1",0,0
