,spp_tree,phy_seqpath,nex_seqpath,nsnps,raxml_tree,chronos_correlated,chc_simple_error,chc_relative_error,chronos_relaxed,chr_simple error,chr_relative_error,mrbayes_tree,mb_simple_error,mb_relative_error
0,"((r9:800000,(r8:600000,(r7:400000,r6:400000)100:200000)100:200000)100:200000,((r5:600000,r4:600000)100:200000,(r3:600000,(r2:400000,(r1:200000,r0:200000)100:200000)100:200000)100:200000)100:200000);",/home/henrylandis/phylo-timescale/test_0.phy,/home/henrylandis/phylo-timescale/test_0.nex,1276,"((r9:0.00847059,(r8:0.00601125,(r6:0.00456273,r7:0.00330115)100:0.00182135)100:0.00204727)100:0.00248717,((r5:0.00528196,r4:0.00523151)100:0.00225529,(r3:0.00573297,(r2:0.00432041,(r0:0.00230607,r1:0.00210526)100:0.00205591)100:0.0028651)100:0.00165163)100:0.00248717);","((r9:50000,(r8:25000,(r6:12500,r7:12500)100:12500)100:25000)100:50000,((r5:37786.70839,r4:37786.70839)100:37786.70839,(r3:51146.83356,(r2:26720.25035,(r0:2293.667128,r1:2293.667128)100:24426.58322)100:24426.58322)100:24426.58322)100:24426.58322);",0,0,"((r9:50000,(r8:25000,(r6:12500,r7:12500)100:12500)100:25000)100:50000,((r5:37913.7277,r4:37913.7277)100:37913.7277,(r3:51654.9108,(r2:27482.3662,(r0:3309.8216,r1:3309.8216)100:24172.5446)100:24172.5446)100:24172.5446)100:24172.5446);",0,0,"
      /-r9
   /-|
  |  |   /-r8
  |   \-|
  |     |   /-r6
  |      \-|
--|         \-r7
  |
  |      /-r4
  |   /-|
  |  |   \-r5
   \-|
     |   /-r3
      \-|
        |   /-r2
         \-|
           |   /-r0
            \-|
               \-r1",0,0
