,spp_tree,phy_seqpath,nex_seqpath,nsnps,raxml_tree,chronos_correlated,chronos_relaxed,mrbayes_tree,error
0,"((r9:800000,(r8:600000,(r7:400000,r6:400000)100:200000)100:200000)100:200000,((r5:600000,r4:600000)100:200000,(r3:600000,(r2:400000,(r1:200000,r0:200000)100:200000)100:200000)100:200000)100:200000);",/home/henrylandis/test_0.phy,/home/henrylandis/test_0.nex,1276,"((r9:0.00764998,(r8:0.00698836,(r6:0.00366498,r7:0.00361423)100:0.0020115)100:0.00215329)100:0.00207316,((r4:0.00581638,r5:0.00596746)100:0.00212011,(r3:0.00517629,(r2:0.00457106,(r0:0.00285862,r1:0.00200456)100:0.00185437)100:0.00245997)100:0.00176363)100:0.00207316);","((r9:50000,(r8:25000,(r6:12500,r7:12500)100:12500)100:25000)100:50000,((r4:37774.42501,r5:37774.42501)100:37774.42501,(r3:51097.70003,(r2:26646.55005,(r0:2195.400061,r1:2195.400061)100:24451.14998)100:24451.14998)100:24451.14998)100:24451.14998);","((r9:50000,(r8:25000,(r6:12500,r7:12500)100:12500)100:25000)100:50000,((r4:38507.65385,r5:38507.65385)100:38507.65385,(r3:54030.6154,(r2:31045.9231,(r0:8061.230806,r1:8061.230806)100:22984.6923)100:22984.6923)100:22984.6923)100:22984.6923);","
      /-r9
   /-|
  |  |   /-r8
  |   \-|
  |     |   /-r6
  |      \-|
--|         \-r7
  |
  |      /-r4
  |   /-|
  |  |   \-r5
   \-|
     |   /-r3
      \-|
        |   /-r2
         \-|
           |   /-r0
            \-|
               \-r1",0
