,spp_tree,phy_seqpath,nex_seqpath,nsnps,raxml_tree,chronos_correlated,chc_simple_error,chc_relative_errorchronos_relaxed,chr_simple error,chr_relative_error,mrbayes_tree,mb_simple_error,mb_relative_error,chronos_relaxed
0,"((r9:800000,(r8:600000,(r7:400000,r6:400000)100:200000)100:200000)100:200000,((r5:600000,r4:600000)100:200000,(r3:600000,(r2:400000,(r1:200000,r0:200000)100:200000)100:200000)100:200000)100:200000);",/home/henrylandis/test_0.phy,/home/henrylandis/test_0.nex,1367,"((r9:0.00931133,(r8:0.00642848,(r7:0.00464754,r6:0.00449573)100:0.00223333)100:0.00205687)100:0.00211863,((r4:0.00540497,r5:0.0059611)100:0.00244785,(r3:0.00744078,(r2:0.00491693,(r0:0.00235574,r1:0.00175314)100:0.00196019)100:0.00185414)100:0.0019426)100:0.00211863);","((r9:50000,(r8:25000,(r7:12500,r6:12500)100:12500)100:25000)100:50000,((r4:38737.8493,r5:38737.8493)100:38737.8493,(r3:54951.39722,(r2:32427.09583,(r0:9902.794438,r1:9902.794438)100:22524.30139)100:22524.30139)100:22524.30139)100:22524.30139);",0,0,0,0,"
      /-r9
   /-|
  |  |   /-r8
  |   \-|
  |     |   /-r6
  |      \-|
--|         \-r7
  |
  |      /-r4
  |   /-|
  |  |   \-r5
   \-|
     |   /-r3
      \-|
        |   /-r2
         \-|
           |   /-r0
            \-|
               \-r1",0,0,"((r9:50000,(r8:25000,(r7:12500,r6:12500)100:12500)100:25000)100:50000,((r4:37715.52587,r5:37715.52587)100:37715.52587,(r3:50862.10348,(r2:26293.15521,(r0:1724.206951,r1:1724.206951)100:24568.94826)100:24568.94826)100:24568.94826)100:24568.94826);"
